type,link_web
0km,https://www.carone.com.ar/producto/tiguan-life-350tsi/
0km,https://www.carone.com.ar/producto/alaskan-0km-emotion-mt-4x2/
0km,https://www.carone.com.ar/producto/alaskan-confort-mt-4x2-so140423-3/
0km,https://www.carone.com.ar/producto/alaskan-confort-2-3-dci-160-4x4-mt-so020623/
0km,https://www.carone.com.ar/producto/alaskan-0km-confort-mt-4x4/
0km,https://www.carone.com.ar/producto/alaskan-confort-60-2wd-so050723-copia/
0km,https://www.carone.com.ar/producto/alaskan-confort-60-2wd-so050723/
0km,https://www.carone.com.ar/producto/alaskan-confort-mt-4x2-so020623/
0km,https://www.carone.com.ar/producto/alaskan-emotion-190-4wd-so050723/
0km,https://www.carone.com.ar/producto/alaskan-emotion-2-3-dci-190-4x4-mt-so140623/
0km,https://www.carone.com.ar/producto/alaskan-confort-160-4wd-so050723/
0km,https://www.carone.com.ar/producto/renault-0km-alaskan-confort-4x2/
0km,https://www.carone.com.ar/producto/alaskan-emotion-mt-4x4-so050723/
0km,https://www.carone.com.ar/producto/alaskan-intens-190-2wd-at-so050723/
0km,https://www.carone.com.ar/producto/alaskan-0km-iconic-4x4-mt/
0km,https://www.carone.com.ar/producto/alaskan-intens-2-3-dci-190-4x4-at-so020623/
0km,https://www.carone.com.ar/producto/alaskan-intens-190-2wd-so050723/
0km,https://www.carone.com.ar/producto/alaskan-0km-iconic-at-4x4/
0km,https://www.carone.com.ar/producto/alaskan-iconic-2-3-dci-190-4wd-at-carsale-2/
0km,https://www.carone.com.ar/producto/alaskan-0km-emotion-mt-4x4/
0km,https://www.carone.com.ar/producto/alaskan-0km-intens-mt-4x2/
0km,https://www.carone.com.ar/producto/alaskan-emotion-mt-4x4-so050723-2/
0km,https://www.carone.com.ar/producto/alaskan-iconic-190-4wd-at-so050723/
0km,https://www.carone.com.ar/producto/alaskan-intens-190-4wd-so050723/
0km,https://www.carone.com.ar/producto/alaskan-outsider/
0km,https://www.carone.com.ar/producto/208-active-1-6l-so021222/
0km,https://www.carone.com.ar/producto/peugeot-0km-208-active/
0km,https://www.carone.com.ar/producto/2008-0km-feline-1-6-tiptronic/
0km,https://www.carone.com.ar/producto/2008-0km-sport-1-6-thp-tiptronic/
0km,https://www.carone.com.ar/producto/208-active-1-6l-so/
0km,https://www.carone.com.ar/producto/208-active-1-6l-am23/
0km,https://www.carone.com.ar/producto/alaskan-0km-intens-mt-4x4/
0km,https://www.carone.com.ar/producto/2008-0km-feline-1-6/
0km,https://www.carone.com.ar/producto/alaskan-outsider-2-3-dci-190-4wd-at-so111122/
0km,https://www.carone.com.ar/producto/3008-gt-pack-hybrid4-am22/
0km,https://www.carone.com.ar/producto/3008-gt-pack-am23-5/
0km,https://www.carone.com.ar/producto/208-active-pack-1-6l-tiptronic-am23-5/
0km,https://www.carone.com.ar/producto/208-active-pack-1-6l-tiptronic-so090623/
0km,https://www.carone.com.ar/producto/208-active-pack-1-6l-am23-5/
0km,https://www.carone.com.ar/producto/208-style-tiptronic-1-6l/
0km,https://www.carone.com.ar/producto/208-allure-pack-1-6l-tiptronic-am23-5/
0km,https://www.carone.com.ar/producto/208-active-pack-1-6l-tiptronic-so/
0km,https://www.carone.com.ar/producto/208-0km-active-tiptronic-1-6l/
0km,https://www.carone.com.ar/producto/208-9km-allure-1-6/
0km,https://www.carone.com.ar/producto/208-allure-pack-1-6l-am23-5/
0km,https://www.carone.com.ar/producto/208-allure-1-6l-am23/
0km,https://www.carone.com.ar/producto/208-style-1-6l/
0km,https://www.carone.com.ar/producto/208-active-tiptronic-1-6l-am23/
0km,https://www.carone.com.ar/producto/3008-0km-gt-pack-thp-tiptronic-am21/
0km,https://www.carone.com.ar/producto/208-feline-1-6l-tiptronic-am23/
0km,https://www.carone.com.ar/producto/208-0km-allure-tiptronic-1-6/
0km,https://www.carone.com.ar/producto/208-allure-pack-1-6l-so-2/
0km,https://www.carone.com.ar/producto/peugeot-0km-3008-allure/
0km,https://www.carone.com.ar/producto/208-0km-feline-tiptronic-1-6/
0km,https://www.carone.com.ar/producto/5008-gt-pack-thp-tiptronic-am23/
0km,https://www.carone.com.ar/producto/208-allure-pack-1-6l-so/
0km,https://www.carone.com.ar/producto/208-0km-like-1-2/
0km,https://www.carone.com.ar/producto/208-allure-tiptronic-1-6l-am23/
0km,https://www.carone.com.ar/producto/208-allure-pack-1-6l-promolion-2/
0km,https://www.carone.com.ar/producto/208-feline-tiptronic-1-6l-so050423/
0km,https://www.carone.com.ar/producto/amarok-0km-v6-extreme-4x4-aut-258cv/
0km,https://www.carone.com.ar/producto/amarok-0km-cab-dob-2-0-tdi-trendline-4x4/
0km,https://www.carone.com.ar/producto/amarok/
0km,https://www.carone.com.ar/producto/amarok-0km-comfortline-v6-3-0-tdi-4x4-aut-258cv/
0km,https://www.carone.com.ar/producto/amarok-0km-cab-dob-2-0-tdi-highline-4x2-aut/
0km,https://www.carone.com.ar/producto/amarok-0km-cab-dob-2-0-tdi-highline-4x2/
0km,https://www.carone.com.ar/producto/amarok-0km-cab-dob-2-0-tdi-comfortline-4x4/
0km,https://www.carone.com.ar/producto/amarok-0km-cab-dob-2-0-tdi-highline-4x4/
0km,https://www.carone.com.ar/producto/amarok-0km-cab-dob-2-0-tdi-highline-4x4-aut/
0km,https://www.carone.com.ar/producto/amarok-0km-cab-dob-2-0-tdi-comfortline-4x2-aut/
0km,https://www.carone.com.ar/producto/volkswagen-0km-amarok-comfortline-4x2/
0km,https://www.carone.com.ar/producto/amarok-0km-v6-black-style-4x4-aut-258cv/
0km,https://www.carone.com.ar/producto/h1-0km-elite-my2019/
0km,https://www.carone.com.ar/producto/haval-0km-h1-comfort/
0km,https://www.carone.com.ar/producto/amarok-0km-v6-highline-4x4-aut-258cv/
0km,https://www.carone.com.ar/producto/mitsubishi-0km-l200-lgs-6at/
0km,https://www.carone.com.ar/producto/changan-0km-md-cargo-box/
0km,https://www.carone.com.ar/producto/changan-0km-m-201/
0km,https://www.carone.com.ar/producto/cs15-0km-luxury-dct/
0km,https://www.carone.com.ar/producto/changah-0km-cs15-comfort-dct/
0km,https://www.carone.com.ar/producto/cs15-0km-comfort-mt/
0km,https://www.carone.com.ar/producto/haval-0km-h2-comfort/
0km,https://www.carone.com.ar/producto/l200-0km-2-4l-gls-6mt-full/
0km,https://www.carone.com.ar/producto/h1-0km-luxury-my2019/
0km,https://www.carone.com.ar/producto/boxer-premium-2-2-hdi-435-m/
0km,https://www.carone.com.ar/producto/great-wall-0km-wingle6-dignity/
0km,https://www.carone.com.ar/producto/boxer-premium-2-2hdi-440-l4h2-130-mini-bus-171-A1/
0km,https://www.carone.com.ar/producto/boxer-premium-2-2-hdi-435mh-130-so250122/
0km,https://www.carone.com.ar/producto/boxer-premium-2-2-hdi-435mh-130/
0km,https://www.carone.com.ar/producto/changan-0km-md-pick-up/
0km,https://www.carone.com.ar/producto/peugeot-0km-boxer-premium-2-2-hdi-435lh-130/
0km,https://www.carone.com.ar/producto/wingle-5-0km-cabina-doble-standard-4x4-my2019/
0km,https://www.carone.com.ar/producto/great-wall-0km-wingle5-cabina-simple/
0km,https://www.carone.com.ar/producto/wingle-5-0km-cabina-doble-standard-4x2-my2019/
0km,https://www.carone.com.ar/producto/wingle-5-0km-cabina-doble-luxury-4x2-my2019/
0km,https://www.carone.com.ar/producto/boxer-premium-2-2-hdi-440-l3-ch-130/
0km,https://www.carone.com.ar/producto/cruze-0km-5p-1-4-turbo-lt-mt/
0km,https://www.carone.com.ar/producto/cruze-0km-5p-1-4-turbo-premier-ii-at/
0km,https://www.carone.com.ar/producto/cruze-4p-1-4t-lt-at-2/
0km,https://www.carone.com.ar/producto/cruze-4p-1-4t-midnight-at/
0km,https://www.carone.com.ar/producto/cruze-5p-1-4t-lt-at/
0km,https://www.carone.com.ar/producto/boxer-premium-2-2-hdi-440-l3-ch-130-chasis-cabina-so090623/
0km,https://www.carone.com.ar/producto/cruze-4p-1-4-turbo-premier-ii-at/
0km,https://www.carone.com.ar/producto/cruze-0km-4p-1-4-turbo-ltz-at/
0km,https://www.carone.com.ar/producto/cruze-5p-1-4t-rs-at/
0km,https://www.carone.com.ar/producto/cruze-0km-4p-1-4-turbo-lt-mt-s-onstar/
0km,https://www.carone.com.ar/producto/boxer-premium-2-2-hdi-440-l3-ch-130-chasis-cabina-so020323/
0km,https://www.carone.com.ar/producto/cruze-0km-5p-1-4-turbo-lt-mt-s-onstar/
0km,https://www.carone.com.ar/producto/oroch-emotion-1-6-sce-2wd-so020623-2/
0km,https://www.carone.com.ar/producto/oroch-iconic-1-3-tce-163-cvt-2wd/
0km,https://www.carone.com.ar/producto/oroch-iconic-1-3-tce-163-2wd-cvt-so050723-2/
0km,https://www.carone.com.ar/producto/oroch-emotion-1-6-sce-114-2wd-so050723/
0km,https://www.carone.com.ar/producto/nuevo-duster-0km-iconic-1-3t-cvt-4x2/
0km,https://www.carone.com.ar/producto/oroch-outsider-1-3-tce-163-4wd/
0km,https://www.carone.com.ar/producto/oroch-iconic-1-3-tce-163-cvt-2wd-so140623-3/
0km,https://www.carone.com.ar/producto/oroch-emotion-1-6-sce-2wd-so050723/
0km,https://www.carone.com.ar/producto/oroch-iconic-1-3-tce-163-2wd-cvt-so050723/
0km,https://www.carone.com.ar/producto/oroch-emotion-1-6-sce-114-2wd/
0km,https://www.carone.com.ar/producto/oroch-iconic-1-3-tce-163-2wd-cvt-so050723-4/
0km,https://www.carone.com.ar/producto/oroch-iconic-1-3-tce-163-2wd-cvt-so050723-3/
0km,https://www.carone.com.ar/producto/nuevo-duster-iconic-1-3t-mt-4x4-so020623/
0km,https://www.carone.com.ar/producto/chevrolet-0km-equinox-fwd/
0km,https://www.carone.com.ar/producto/nuevo-duster-0km-intens-1-6-cvt/
0km,https://www.carone.com.ar/producto/chevrolet-0km-joy-black-edition/
0km,https://www.carone.com.ar/producto/peugeot-0km-expert-premium-hdi/
0km,https://www.carone.com.ar/producto/equinox-0km-premier-awd/
0km,https://www.carone.com.ar/producto/nuevo-duster-0km-outsider-1-3t-cvt/
0km,https://www.carone.com.ar/producto/expert-0km-premium-1-6-hdi-6-pasajeros/
0km,https://www.carone.com.ar/producto/nuevo-duster-0km-intens-1-6-mt/
0km,https://www.carone.com.ar/producto/renault-0km-nuevo-duster-zen/
0km,https://www.carone.com.ar/producto/fiat-0km-fiorino-pack-top/
0km,https://www.carone.com.ar/producto/nuevo-duster-0km-iconic-1-3t-mt-4x4/
0km,https://www.carone.com.ar/producto/kangoo-0km-zen/
0km,https://www.carone.com.ar/producto/kangoo-0km-stepway-1-6/
0km,https://www.carone.com.ar/producto/joy-0km-1-4/
0km,https://www.carone.com.ar/producto/renault-0km-kangoo-express-confort-15/
0km,https://www.carone.com.ar/producto/kangoo-express-0km-confort-5-asientos-1-6/
0km,https://www.carone.com.ar/producto/kangoo-ii-stepway-1-5-dci-so020623-2/
0km,https://www.carone.com.ar/producto/renault-0km-kangoo-life/
0km,https://www.carone.com.ar/producto/joy-0km-1-4-mt/
0km,https://www.carone.com.ar/producto/chevrolet-0km-joy-plus-black-edition/
0km,https://www.carone.com.ar/producto/kangoo-express-0km-confort-1-6/
0km,https://www.carone.com.ar/producto/kangoo-0km-stepway-1-5-dci/
0km,https://www.carone.com.ar/producto/kangoo-express-0km-confort-5-asientos-1-5-dci/
0km,https://www.carone.com.ar/producto/kangoo-ii-emotion-5a-1-6-sce-so050723/
0km,https://www.carone.com.ar/producto/kangoo-ii-express-confort-5a-1-6-sce-so140623-2/
0km,https://www.carone.com.ar/producto/kangoo-ii-express-confort-5a-1-6-sce-so020623/
0km,https://www.carone.com.ar/producto/kangoo-ii-express-confort-1-5-dci-so140423/
0km,https://www.carone.com.ar/producto/kangoo-ii-express-confort-5a-1-5-dci-so020623/
0km,https://www.carone.com.ar/producto/kangoo-ii-express-confort-1-5-dci-so050723/
0km,https://www.carone.com.ar/producto/kangoo-express-0km-emotion-1-6/
0km,https://www.carone.com.ar/producto/kangoo-ii-emotion-5a-1-6-sce-so050723-2/
0km,https://www.carone.com.ar/producto/kangoo-ii-express-confort-5a-1-6-sce-so140623/
0km,https://www.carone.com.ar/producto/kangoo-ii-express-emotion-1-6-sce-so130223/
0km,https://www.carone.com.ar/producto/kangoo-ii-express-confort-5a-1-6-sce-so030523/
0km,https://www.carone.com.ar/producto/kangoo-ii-express-confort-1-6-sce-so141222-2/
0km,https://www.carone.com.ar/producto/logan-life-1-6-so050723-2/
0km,https://www.carone.com.ar/producto/renault-0km-koleos-intens-25/
0km,https://www.carone.com.ar/producto/montana-1-2t-ltz-at/
0km,https://www.carone.com.ar/producto/logan-life-1-6-so050723-3/
0km,https://www.carone.com.ar/producto/logan/
0km,https://www.carone.com.ar/producto/logan-life-1-6-so020623/
0km,https://www.carone.com.ar/producto/logan-intens-1-6-so030523/
0km,https://www.carone.com.ar/producto/kangoo-express-0km-emotion-5-asientos-1-6/
0km,https://www.carone.com.ar/producto/logan-life-1-6-so050723/
0km,https://www.carone.com.ar/producto/renault-0km-logan-life/
0km,https://www.carone.com.ar/producto/fiat-0k-mobi-way/
0km,https://www.carone.com.ar/producto/logan-0km-intens/
0km,https://www.carone.com.ar/producto/onix-0km-1-2-lt/
0km,https://www.carone.com.ar/producto/nivus-0km-hero-200-tsi-at/
0km,https://www.carone.com.ar/producto/montana-1-2t-premier-at-3/
0km,https://www.carone.com.ar/producto/chevrolet-0km-onix-12/
0km,https://www.carone.com.ar/producto/nivus-0km-highline-200-tsi-at/
0km,https://www.carone.com.ar/producto/montana-1-2t-premier-at/
0km,https://www.carone.com.ar/producto/montana-1-2t-premier-at-5/
0km,https://www.carone.com.ar/producto/onix-0km-1-2-lt-tech-c-onstar/
0km,https://www.carone.com.ar/producto/montana-1-2t-premier-at-2/
0km,https://www.carone.com.ar/producto/onix-0km-1-2-lt-tech/
0km,https://www.carone.com.ar/producto/montana-1-2t-premier-at-4/
0km,https://www.carone.com.ar/producto/volkswagen-0km-nivus-comfortline/
0km,https://www.carone.com.ar/producto/onix-0km-onix-ltz-1-0-t-at/
0km,https://www.carone.com.ar/producto/onix-plus-0km-1-0t-premier-i-mt/
0km,https://www.carone.com.ar/producto/chevrolet-0km-onix-plus-12/
0km,https://www.carone.com.ar/producto/onix-plus-0km-1-2-lt/
0km,https://www.carone.com.ar/producto/onix-0km-1-0t-premier-i-mt/
0km,https://www.carone.com.ar/producto/onix-plus-0km-1-0t-premier-ii-at/
0km,https://www.carone.com.ar/producto/onix-plus-0km-1-2-lt-tech-c-onstar/
0km,https://www.carone.com.ar/producto/onix-plus-0km-onix-plus-ltz-1-0-t-at/
0km,https://www.carone.com.ar/producto/onix-0km-1-0t-premier-ii-at/
0km,https://www.carone.com.ar/producto/onix-0km-onix-1rs-1-0-t-2/
0km,https://www.carone.com.ar/producto/onix-plus-0km-1-2-lt-tech/
0km,https://www.carone.com.ar/producto/onix-0km-onix-ltz-1-0-t-mt/
0km,https://www.carone.com.ar/producto/volkswagen-0km-polo-highline/
0km,https://www.carone.com.ar/producto/partner-confort-1-6-hdi-so190122/
0km,https://www.carone.com.ar/producto/partner-confort-1-6-hdi-so090623/
0km,https://www.carone.com.ar/producto/partner-confort-1-6-hdi-92-am22-5/
0km,https://www.carone.com.ar/producto/partner-patagonica-vtc-plus-1-6-hdi-92-am22-5/
0km,https://www.carone.com.ar/producto/polo-0km-trendline-1-6/
0km,https://www.carone.com.ar/producto/polo-0km-gts-1-4-at/
0km,https://www.carone.com.ar/producto/polo-0km-trendline-at-1-6/
0km,https://www.carone.com.ar/producto/0km-partner-patagonica-1-6-n-vtc-plus/
0km,https://www.carone.com.ar/producto/peugeot-0km-partner-confort/
0km,https://www.carone.com.ar/producto/partner-patagonica-vtc-plus-1-6-115-so/
0km,https://www.carone.com.ar/producto/onix-plus-0km-onix-plus-ltz-1-0-t-mt/
0km,https://www.carone.com.ar/producto/s10-cabina-doble-2-8-td-4x2-lt-mt-so020623/
0km,https://www.carone.com.ar/producto/s10-cabina-doble-2-8-td-4x2-lt-mt/
0km,https://www.carone.com.ar/producto/s10-cd-2-8-td-4x4-ltz-at-2022-so040423/
0km,https://www.carone.com.ar/producto/s10-cabina-doble-2-8-td-4x4-ltz-at/
0km,https://www.carone.com.ar/producto/s10-0km-cab-doble-4x2-lt/
0km,https://www.carone.com.ar/producto/s10-cd-2-8-td-4x4-z71-at-2022-so190523/
0km,https://www.carone.com.ar/producto/chevrolet-0km-s10-cab-s-4x2/
0km,https://www.carone.com.ar/producto/s10-0km-cab-doble-4x2-ltz/
0km,https://www.carone.com.ar/producto/s10-cabina-doble-2-8-4x4-z71-at/
0km,https://www.carone.com.ar/producto/s10-cabina-doble-2-8-td-4x4-lt-mt/
0km,https://www.carone.com.ar/producto/s10-cabina-doble-2-8-td-4x4-ltz-at-so080922/
0km,https://www.carone.com.ar/producto/s10-cabina-doble-2-8-td-4x4-hc-at-a1/
0km,https://www.carone.com.ar/producto/sandero-0km-intens-cvt/
0km,https://www.carone.com.ar/producto/s10-0km-cab-doble-4x4-lt-at/
0km,https://www.carone.com.ar/producto/sandero-0km-gt-line/
0km,https://www.carone.com.ar/producto/s10-0km-cab-doble-4x4-high-country-at/
0km,https://www.carone.com.ar/producto/sandero-0km-gt-line-cvt/
0km,https://www.carone.com.ar/producto/sandero-life-1-6-so140623-4/
0km,https://www.carone.com.ar/producto/sandero-intens-1-6-so050723/
0km,https://www.carone.com.ar/producto/s10-0km-cab-doble-4x4-lt/
0km,https://www.carone.com.ar/producto/renault-0km-sandero-life/
0km,https://www.carone.com.ar/producto/sandero-0km-intens/
0km,https://www.carone.com.ar/producto/s10-cd-2-8-td-4x4-d-4x4-lt-at-so260522/
0km,https://www.carone.com.ar/producto/sandero-intens-1-6-so140623-3/
0km,https://www.carone.com.ar/producto/saveiro-0km-cabina-doble-cross/
0km,https://www.carone.com.ar/producto/sandero-zen-1-6-so050723-2/
0km,https://www.carone.com.ar/producto/sandero-zen-1-6-so050723-3/
0km,https://www.carone.com.ar/producto/saveiro-0km-cabina-doble-highline/
0km,https://www.carone.com.ar/producto/sandero-life-1-6-so050723-2/
0km,https://www.carone.com.ar/producto/sandero-zen-1-6-so050723/
0km,https://www.carone.com.ar/producto/saveiro-0km-cabina-doble-comfortline/
0km,https://www.carone.com.ar/producto/volkswagen-0km-saveiro-cabina-simple-trendline/
0km,https://www.carone.com.ar/producto/sandero-0km-rs/
0km,https://www.carone.com.ar/producto/sandero-zen-1-6-so140623-4/
0km,https://www.carone.com.ar/producto/sandero-0km-zen/
0km,https://www.carone.com.ar/producto/sandero-life-1-6-so050723/
0km,https://www.carone.com.ar/producto/stepway-intens-1-6-so050723/
0km,https://www.carone.com.ar/producto/stepway-zen-1-6-so050723-2/
0km,https://www.carone.com.ar/producto/stepway-zen-1-6-so050723/
0km,https://www.carone.com.ar/producto/stepway-intens-1-6-so050723-2/
0km,https://www.carone.com.ar/producto/stepway-intens-1-6-so140623-4/
0km,https://www.carone.com.ar/producto/stepway-zen-1-6-so140623-4/
0km,https://www.carone.com.ar/producto/renault-0km-stepway-zen/
0km,https://www.carone.com.ar/producto/strada-endurance-1-4-cabina-doble-so/
0km,https://www.carone.com.ar/producto/fiat-0k-strada-endurance-doble/
0km,https://www.carone.com.ar/producto/stepway-0km-intens-cvt/
0km,https://www.carone.com.ar/producto/stepway-intens-1-6-so050723-3/
0km,https://www.carone.com.ar/producto/stepway-0km-intens/
0km,https://www.carone.com.ar/producto/strada-0km-volcano-1-3-cabina-doble/
0km,https://www.carone.com.ar/producto/strada-0km-endurance-1-4-cabina-simple/
0km,https://www.carone.com.ar/producto/strada-freddom-1-4-cabina-doble-so-3/
0km,https://www.carone.com.ar/producto/t-cross-0km-trendline-mt/
0km,https://www.carone.com.ar/producto/strada-freddom-1-4-cabina-doble-so-2/
0km,https://www.carone.com.ar/producto/strada-freddom-1-5-so190523/
0km,https://www.carone.com.ar/producto/strada-volcano-1-3-cabina-doble-so/
0km,https://www.carone.com.ar/producto/t-cross-0km-highline-at/
0km,https://www.carone.com.ar/producto/strada-ranch-1-3-cvt-so090622/
0km,https://www.carone.com.ar/producto/strada-0km-freedom-1-4-cabina-doble/
0km,https://www.carone.com.ar/producto/strada-freddom-1-4-cabina-doble-so/
0km,https://www.carone.com.ar/producto/volkswagen-0km-tcross-comfortline-at/
0km,https://www.carone.com.ar/producto/taos/
0km,https://www.carone.com.ar/producto/volkswagen-0km-taos-comfortline/
0km,https://www.carone.com.ar/producto/toro-freedom-2-0-16v-multijet-cd-4x4-at9-pack-seguridad-1te-my22-so220622-b1a0df59689a5b6dba12e773941155417ec0187396623c5e38c8f6174e1f5022/
0km,https://www.carone.com.ar/producto/toro-0km-volcano-13t-270-16vcd-4x2-at6/
0km,https://www.carone.com.ar/producto/taos-0km-hero-250-tsi/
0km,https://www.carone.com.ar/producto/toro-0km-freedom-20-16v-multiet-cd-4x4-at9/
0km,https://www.carone.com.ar/producto/toro-0km-volcano-2-0-16v-multijet-cd-4x4-at9/
0km,https://www.carone.com.ar/producto/tracker-0km-tracker-1-2t-at/
0km,https://www.carone.com.ar/producto/fiat-0km-toro-freedom/
0km,https://www.carone.com.ar/producto/chevrolet-0km-tracker-12t-at-ltz/
0km,https://www.carone.com.ar/producto/toro-0km-ultra-2-0-16v-multijet-cd-4x4-at9/
0km,https://www.carone.com.ar/producto/volkswagen-0km-touareg/
0km,https://www.carone.com.ar/producto/virtus-0km-trendline-tiptronic/
0km,https://www.carone.com.ar/producto/virtus-0km-trendline-manual/
0km,https://www.carone.com.ar/producto/cronos-0km-precision-1-8-16v-pack-style/
0km,https://www.carone.com.ar/producto/volkswagen-0km-vento/
0km,https://www.carone.com.ar/producto/virtus-0km-highline-tiptronic/
0km,https://www.carone.com.ar/producto/tracker-0km-1-2t-at-premier/
0km,https://www.carone.com.ar/producto/volkswagen-0km-virtus-comfortline/
0km,https://www.carone.com.ar/producto/fiat-0km-cronos-attractive-1-3/
0km,https://www.carone.com.ar/producto/cronos-0km-drive-1-3-s-design/
0km,https://www.carone.com.ar/producto/chevrolet-0km-trailblazer-ctdi-4x4/
0km,https://www.carone.com.ar/producto/virtus-0km-gts-1-4-at/
0km,https://www.carone.com.ar/producto/cronos-style-1-3-gse-so030523/
0km,https://www.carone.com.ar/producto/cronos-0km-drive-1-3-gse-pack-conectividad/
0km,https://www.carone.com.ar/producto/pulse-impetus/
0km,https://www.carone.com.ar/producto/cronos-drive-1-3-gse-pack-plus-so/
0km,https://www.carone.com.ar/producto/cronos-drive-1-3-gse-pack-plus-so-3/
0km,https://www.carone.com.ar/producto/cronos-drive-1-3-gse-pack-plus-so020623/
0km,https://www.carone.com.ar/producto/pulse-drive-mt/
0km,https://www.carone.com.ar/producto/pulse-drive-at/
0km,https://www.carone.com.ar/producto/cronos-drive-1-3-gse-pack-plus-so-2/
0km,https://www.carone.com.ar/producto/pulse-impetus-1-0-cvt/
usados,https://www.carone.com.ar/producto/chevrolet-prisma-lt-2013/
usados,https://www.carone.com.ar/producto/chevrolet-onix-5p-1-4-ltz-2014-2/
usados,https://www.carone.com.ar/producto/volkswagen-gol-trend-1-6-5-ptas-trendline-2017-3/
usados,https://www.carone.com.ar/producto/volkswagen-up-3pts-move-2016/
usados,https://www.carone.com.ar/producto/renault-clio-mio-5p-confort-plus-abc-2014/
usados,https://www.carone.com.ar/producto/renault-kwid-1-0-zen-2018/
usados,https://www.carone.com.ar/producto/renault-sandero-ii-1-6-expression-2017/
usados,https://www.carone.com.ar/producto/ford-ka-15-se-2017/
usados,https://www.carone.com.ar/producto/renault-kwid-1-0-iconic-2018/
usados,https://www.carone.com.ar/producto/renault-logan-ii-1-6-8v-authentique-plus-2016/
usados,https://www.carone.com.ar/producto/volkswagen-up-3pts-take-a-a-2017/
usados,https://www.carone.com.ar/producto/renault-clio-mio-expression-pack-ii-3-ptas-2013/
usados,https://www.carone.com.ar/producto/nissan-march-active-pure-drive-2017/
usados,https://www.carone.com.ar/producto/ford-ka-1-5-s-2018/
usados,https://www.carone.com.ar/producto/chevrolet-onix-1-4-ls-joy-2017-2/
usados,https://www.carone.com.ar/producto/chevrolet-prisma-ltz-2016/
usados,https://www.carone.com.ar/producto/chevrolet-onix-5p-1-4-lt-2017-2/
usados,https://www.carone.com.ar/producto/volkswagen-voyage-trendline-2017/
usados,https://www.carone.com.ar/producto/chevrolet-prisma-ls-joy-2017/
usados,https://www.carone.com.ar/producto/volkswagen-up-5pts-take-a-a-2018/
usados,https://www.carone.com.ar/producto/fiat-fiorino-furgon-1-4-evo-top-2017/
usados,https://www.carone.com.ar/producto/volkswagen-gol-trend-1-6-5-ptas-trendline-2017/
usados,https://www.carone.com.ar/producto/peugeot-308-active-16-16v-115-cv-2014/
usados,https://www.carone.com.ar/producto/peugeot-301-1-6-allure-plus-2018/
usados,https://www.carone.com.ar/producto/ford-ka-15-se-2018/
usados,https://www.carone.com.ar/producto/volkswagen-up-5pts-move-2019/
usados,https://www.carone.com.ar/producto/peugeot-408-allure-2-0-n-2015/
usados,https://www.carone.com.ar/producto/ford-fiesta-1-6-titanium-power-shift-4-pts-kd-2014/
usados,https://www.carone.com.ar/producto/volkswagen-gol-trend-1-6-5pts-2018/
usados,https://www.carone.com.ar/producto/volkswagen-up-5-pts-cross-2018/
usados,https://www.carone.com.ar/producto/renault-sandero-ii-1-6-expression-2018/
usados,https://www.carone.com.ar/producto/volkswagen-voyage-trendline-2017-2/
usados,https://www.carone.com.ar/producto/chevrolet-prisma-ls-joy-2019-2/
usados,https://www.carone.com.ar/producto/volkswagen-gol-trend-1-6-5-ptas-trendline-2017-2/
usados,https://www.carone.com.ar/producto/volkswagen-gol-trend-1-6-3-pts-2017-2/
usados,https://www.carone.com.ar/producto/ford-ka-1-5-sel-2017/
usados,https://www.carone.com.ar/producto/renault-kwid-1-0-intense-2018/
usados,https://www.carone.com.ar/producto/nissan-march-advance-my14-2017/
usados,https://www.carone.com.ar/producto/ford-fiesta-1-6-5pts-se-kd-2016/
usados,https://www.carone.com.ar/producto/renault-nuevo-sandero-1-6-dynamique-2017/
usados,https://www.carone.com.ar/producto/renault-kwid-1-0-outsider-2019/
usados,https://www.carone.com.ar/producto/peugeot-408-allure-2-0-n-c-nav-2017/
usados,https://www.carone.com.ar/producto/renault-sandero-stepway-privilege-2018/
usados,https://www.carone.com.ar/producto/nissan-march-active-pure-drive-2018/
usados,https://www.carone.com.ar/producto/volkswagen-suran-1-6-5p-trendline-2017-2/
usados,https://www.carone.com.ar/producto/chevrolet-onix-1-4-ls-joy-2019/
usados,https://www.carone.com.ar/producto/chevrolet-prisma-ls-joy-2019/
usados,https://www.carone.com.ar/producto/volkswagen-suran-1-6-5p-highline-i-motion-2015/
usados,https://www.carone.com.ar/producto/chevrolet-tracker-fwd-ltz-2014/
usados,https://www.carone.com.ar/producto/chevrolet-onix-1-4-joy-plus-2021-2/
usados,https://www.carone.com.ar/producto/ford-ka-1-5-s-2021/
usados,https://www.carone.com.ar/producto/ford-eco-sport-titanium-2-0-aut-2016/
usados,https://www.carone.com.ar/producto/ford-fiesta-1-6-5pts-se-kd-2017/
usados,https://www.carone.com.ar/producto/nissan-note-16-sense-pure-drive-2016-2/
usados,https://www.carone.com.ar/producto/ford-ka-1-5-s-2017-3/
usados,https://www.carone.com.ar/producto/volkswagen-gol-trend-1-6-5-ptas-trendline-2019-3/
usados,https://www.carone.com.ar/producto/renault-kwid-1-0-intense-2020/
usados,https://www.carone.com.ar/producto/peugeot-208-1-6-allure-tiptronic-nav-2016/
usados,https://www.carone.com.ar/producto/ford-fiesta-16-5pts-s-kd-2018-2/
usados,https://www.carone.com.ar/producto/fiat-uno-1-3-5-pts-way-2019/
usados,https://www.carone.com.ar/producto/volkswagen-voyage-trendline-2019/
usados,https://www.carone.com.ar/producto/toyota-etios-1-5-5-pts-x-2021-2/
usados,https://www.carone.com.ar/producto/renault-kangoo-ph3-confort-1-6-5-asientos-2p-2018/
usados,https://www.carone.com.ar/producto/volkswagen-up-5ptas-high-2018/
usados,https://www.carone.com.ar/producto/chevrolet-onix-1-4-joy-plus-2021-4/
usados,https://www.carone.com.ar/producto/toyota-etios-1-5-4pts-xls-pack-6mt-2018/
usados,https://www.carone.com.ar/producto/chevrolet-prisma-ltz-a-t-2016/
usados,https://www.carone.com.ar/producto/volkswagen-suran-1-6-5p-confortline-2018/
usados,https://www.carone.com.ar/producto/ford-ka-1-5-s-2017-2/
usados,https://www.carone.com.ar/producto/chevrolet-onix-1-4-joy-plus-2021-3/
usados,https://www.carone.com.ar/producto/nissan-versa-1-6-sense-pure-drive-aut-2019-2/
usados,https://www.carone.com.ar/producto/nissan-note-16-sense-pure-drive-2016/
usados,https://www.carone.com.ar/producto/volkswagen-gol-1-6-5pts-trend-trendline-2017/
usados,https://www.carone.com.ar/producto/ford-ka-1-5-sel-2019/
usados,https://www.carone.com.ar/producto/volkswagen-suran-1-6-comfortline-l-15-2018/
usados,https://www.carone.com.ar/producto/peugeot-208-active-2019/
usados,https://www.carone.com.ar/producto/chevrolet-prisma-lt-2018/
usados,https://www.carone.com.ar/producto/volkswagen-gol-trend-1-6-5-ptas-trendline-2020/
usados,https://www.carone.com.ar/producto/chevrolet-onix-1-4-joy-plus-2019/
usados,https://www.carone.com.ar/producto/fiat-cronos-1-3-mt-2022-4/
usados,https://www.carone.com.ar/producto/ford-fiesta-16-5pts-s-kd-2018/
usados,https://www.carone.com.ar/producto/toyota-etios-1-5-4pts-x-2019/
usados,https://www.carone.com.ar/producto/nissan-versa-sense-2019/
usados,https://www.carone.com.ar/producto/renault-sandero-privilege-1-6-16v-2018/
usados,https://www.carone.com.ar/producto/volkswagen-polo-1-6-comfortline-4-p-2016/
usados,https://www.carone.com.ar/producto/nissan-versa-1-6-sense-pure-drive-aut-2019/
usados,https://www.carone.com.ar/producto/fiat-cronos-1-3-mt-2022-5/
usados,https://www.carone.com.ar/producto/chevrolet-onix-1-4-joy-plus-2021-6/
usados,https://www.carone.com.ar/producto/fiat-cronos-drive-gse-1-3-2021/
usados,https://www.carone.com.ar/producto/fiat-cronos-1-3-mt-2022-7/
usados,https://www.carone.com.ar/producto/fiat-cronos-1-3-mt-2022-8/
usados,https://www.carone.com.ar/producto/chevrolet-spin-lt-manual-2017/
usados,https://www.carone.com.ar/producto/volkswagen-gol-trend-1-6-5-ptas-trendline-2020-2/
usados,https://www.carone.com.ar/producto/fiat-argo-drive-gse-1-3-5p-2020/
usados,https://www.carone.com.ar/producto/renault-sandero-privilege-1-6-16v-2019/
usados,https://www.carone.com.ar/producto/volkswagen-polo-1-6-comfortline-tiptronic-2017/
usados,https://www.carone.com.ar/producto/fiat-cronos-1-3-mt-2022-3/
usados,https://www.carone.com.ar/producto/ford-fiesta-1-6-5pts-se-kd-2018/
usados,https://www.carone.com.ar/producto/ford-fiesta-16-5pts-s-plus-kd-2018/
usados,https://www.carone.com.ar/producto/fiat-cronos-1-3-mt-2022-2/
usados,https://www.carone.com.ar/producto/ford-fiesta-1-6-5pts-se-kd-2018-3/
usados,https://www.carone.com.ar/producto/nissan-note-16-sense-pure-drive-2018/
usados,https://www.carone.com.ar/producto/chevrolet-cruze-5p-14-lt-2017/
usados,https://www.carone.com.ar/producto/ford-fiesta-1-6-se-plus-kd-2018/
usados,https://www.carone.com.ar/producto/fiat-cronos-1-3-mt-2022/
usados,https://www.carone.com.ar/producto/renault-sandero-ii-1-6-zen-2023-5/
usados,https://www.carone.com.ar/producto/ford-eco-sport-1-5-s-2019/
usados,https://www.carone.com.ar/producto/toyota-etios-1-5-4-pts-xls-4at-2018/
usados,https://www.carone.com.ar/producto/volkswagen-polo-1-6-comfortline-4-p-2018/
usados,https://www.carone.com.ar/producto/volkswagen-gol-trend-1-6-5-ptas-trendline-2021/
usados,https://www.carone.com.ar/producto/volkswagen-polo-1-6-comfortline-4-p-2018-2/
usados,https://www.carone.com.ar/producto/volkswagen-gol-trend-1-6-5-ptas-trendline-2021-5/
usados,https://www.carone.com.ar/producto/toyota-etios-1-5-5-pts-x-2021-3/
usados,https://www.carone.com.ar/producto/volkswagen-gol-trend-1-6-5-ptas-trendline-2021-4/
usados,https://www.carone.com.ar/producto/chevrolet-onix-1-2-plus-lt-2020/
usados,https://www.carone.com.ar/producto/volkswagen-gol-trend-1-6-5-ptas-trendline-2021-2/
usados,https://www.carone.com.ar/producto/peugeot-2008-1-6-allure-2017-2/
usados,https://www.carone.com.ar/producto/toyota-etios-1-5-5-pts-x-2021/
usados,https://www.carone.com.ar/producto/chevrolet-prisma-ltz-2018/
usados,https://www.carone.com.ar/producto/chevrolet-tracker-fwd-ltz-2016-3/
usados,https://www.carone.com.ar/producto/renault-duster_-16-dinamyque-4x2-l-2015-2016/
usados,https://www.carone.com.ar/producto/fiat-argo-1-8-hgt-2018/
usados,https://www.carone.com.ar/producto/renault-sandero-stepway-zen-1-6-2023-4/
usados,https://www.carone.com.ar/producto/toyota-etios-1-5-5-pts-x-2022/
usados,https://www.carone.com.ar/producto/chevrolet-onix-1-2-plus-2020/
usados,https://www.carone.com.ar/producto/chevrolet-prisma-ltz-2019/
usados,https://www.carone.com.ar/producto/peugeot-partner-patagonica-1-6-hdi-vtc-plus-2018/
usados,https://www.carone.com.ar/producto/ford-focus-1-6-5-pts-s-l-16-2019/
usados,https://www.carone.com.ar/producto/renault-sandero-stepway-zen-1-6-2023/
usados,https://www.carone.com.ar/producto/peugeot-2008-1-6-allure-2017/
usados,https://www.carone.com.ar/producto/chevrolet-cruze-4p-1-4-ltzat-2016/
usados,https://www.carone.com.ar/producto/chevrolet-onix-1-2-plus-2021-2/
usados,https://www.carone.com.ar/producto/volkswagen-polo-1-6-trendline-2019-2/
usados,https://www.carone.com.ar/producto/chevrolet-onix-1-2-plus-2021/
usados,https://www.carone.com.ar/producto/renault-duster_-16-dinamyque-4x2-l-2015-2017/
usados,https://www.carone.com.ar/producto/renault-duster_-1-6-privilege-4x2-2017/
usados,https://www.carone.com.ar/producto/volkswagen-virtus-1-6-msi-comfortline-2018-2/
usados,https://www.carone.com.ar/producto/renault-duster_-16-dinamyque-4x2-l-2015-2017-2/
usados,https://www.carone.com.ar/producto/renault-duster_-oroch-2-0-privelege-2018/
usados,https://www.carone.com.ar/producto/renault-sandero-stepway-zen-1-6-2023-2/
usados,https://www.carone.com.ar/producto/volkswagen-suran-1-6-5p-highline-i-motion-2017/
usados,https://www.carone.com.ar/producto/volkswagen-polo-1-6-comfortline-plus-tipt-2018/
usados,https://www.carone.com.ar/producto/chery-tiggo-2-1-5-luxury-2018/
usados,https://www.carone.com.ar/producto/toyota-etios-1-5-4-pts-xls-4at-2021-3/
usados,https://www.carone.com.ar/producto/chevrolet-tracker-fwd-ltz-2016-2/
usados,https://www.carone.com.ar/producto/ford-fiesta-1-6-se-powershift-5pts-kd-2018/
usados,https://www.carone.com.ar/producto/ford-focus-1-6-s-4-pts-2018/
usados,https://www.carone.com.ar/producto/chevrolet-tracker-fwd-ltz-2016/
usados,https://www.carone.com.ar/producto/citroen-c-4-lounge-1-6-hdi-feel-pk-2019/
usados,https://www.carone.com.ar/producto/chevrolet-prisma-ltz-a-t-2019/
usados,https://www.carone.com.ar/producto/ford-fiesta-1-6-5-pts-se-plus-power-shift-kd-2018/
usados,https://www.carone.com.ar/producto/renault-captur-life-1-6-2018/
usados,https://www.carone.com.ar/producto/ford-focus-1-6-5-pts-s-l-16-2019-2/
usados,https://www.carone.com.ar/producto/volkswagen-virtus-1-6-msi-trendline-aut-2019/
usados,https://www.carone.com.ar/producto/renault-duster_-20-privilege-4x4-2018/
usados,https://www.carone.com.ar/producto/toyota-etios-1-5-4-pts-xls-4at-2021/
usados,https://www.carone.com.ar/producto/fiat-cronos-drive-gse-1-3-2023/
usados,https://www.carone.com.ar/producto/chevrolet-cruze-5p-14-lt-2019/
usados,https://www.carone.com.ar/producto/chevrolet-cruze-4p-1-4-lt-2018-2/
usados,https://www.carone.com.ar/producto/renault-captur-zen-2-0-2018/
usados,https://www.carone.com.ar/producto/honda-fit-exl-1-5-cvt-5p-2018/
usados,https://www.carone.com.ar/producto/chevrolet-tracker-fwd-ltz-2018-3/
usados,https://www.carone.com.ar/producto/peugeot-partner-confort-1-6-2021/
usados,https://www.carone.com.ar/producto/fiat-argo-drive-gse-1-3-5p-2023/
usados,https://www.carone.com.ar/producto/fiat-cronos-drive-gse-1-3-2023-2/
usados,https://www.carone.com.ar/producto/renault-duster_-20-privilege-4x2-l-2015-2018/
usados,https://www.carone.com.ar/producto/fiat-cronos-drive-gse-1-3-2023-3/
usados,https://www.carone.com.ar/producto/ford-focus-2-0-4-pts-se-plus-aut-2017-2/
usados,https://www.carone.com.ar/producto/renault-duster_-oroch-2-0-dinamique-2020/
usados,https://www.carone.com.ar/producto/chevrolet-cruze-4p-1-4-lt-2018/
usados,https://www.carone.com.ar/producto/chevrolet-cruze-5p-14-lt-2018-4/
usados,https://www.carone.com.ar/producto/chevrolet-tracker-awd-ltz-at-2017-2/
usados,https://www.carone.com.ar/producto/renault-duster_-20-privilege-4x2-l-2015-2018-2/
usados,https://www.carone.com.ar/producto/chevrolet-tracker-awd-ltz-at-2018/
usados,https://www.carone.com.ar/producto/chevrolet-tracker-awd-ltz-at-2017-3/
usados,https://www.carone.com.ar/producto/chevrolet-tracker-fwd-ltz-2018-2/
usados,https://www.carone.com.ar/producto/renault-captur-zen-2-0-2019/
usados,https://www.carone.com.ar/producto/volkswagen-polo-1-6-trendline-tipt-2020/
usados,https://www.carone.com.ar/producto/ford-focus-2-0-4-pts-se-aut-2019/
usados,https://www.carone.com.ar/producto/chevrolet-cruze-4p-1-4-lt-2019/
usados,https://www.carone.com.ar/producto/renault-kangoo-2-1-5-dci-ex-confort-2023/
usados,https://www.carone.com.ar/producto/chery-tiggo-4-2-0-comfort-cvt-2022/
usados,https://www.carone.com.ar/producto/nissan-kicks-1-6-advance-2018/
usados,https://www.carone.com.ar/producto/ford-ranger-xl-2-2-tdi-cab-s-safety-2018/
usados,https://www.carone.com.ar/producto/chrysler-jeep-renegade-1-8-sport-plus-4x2-at-2019/
usados,https://www.carone.com.ar/producto/citroen-berlingo-furgon-1-6-business-2023/
usados,https://www.carone.com.ar/producto/volkswagen-golf-variant-1-4-comfortline-dsg-2017/
usados,https://www.carone.com.ar/producto/toyota-yaris-1-5-5-pts-cvt-2017/
usados,https://www.carone.com.ar/producto/chevrolet-cruze-5p-14-lt-2021/
usados,https://www.carone.com.ar/producto/volkswagen-golf-1-4-tsi-comfortline-dsg-2017/
usados,https://www.carone.com.ar/producto/citroen-berlingo-furgon-1-6-hdi-business-2023/
usados,https://www.carone.com.ar/producto/chevrolet-cruze-4p-1-4-lt-2021-2/
usados,https://www.carone.com.ar/producto/renault-kangoo-1-5-dci-stepway-2023-4/
usados,https://www.carone.com.ar/producto/toyota-corolla-1-8-seg-cvt-2018-2/
usados,https://www.carone.com.ar/producto/fiat-strada-1-4-fire-endurance-cd-2023/
usados,https://www.carone.com.ar/producto/volkswagen-golf-1-4l-tsi-bluemotion-technology-2017/
usados,https://www.carone.com.ar/producto/fiat-toro-volcano-2-0-c-d-4x4-aut-2017/
usados,https://www.carone.com.ar/producto/renault-kangoo-1-5-dci-stepway-2023-3/
usados,https://www.carone.com.ar/producto/renault-kangoo-1-5-dci-stepway-2023-2/
usados,https://www.carone.com.ar/producto/fiat-toro-2-0tdi-freedom-4x4-at-2018/
usados,https://www.carone.com.ar/producto/toyota-corolla-1-8-seg-cvt-2018/
usados,https://www.carone.com.ar/producto/ford-eco-sport-1-5-titanium-aut-2020-2/
usados,https://www.carone.com.ar/producto/honda-civic-exl-2-0-2017/
usados,https://www.carone.com.ar/producto/chrysler-jeep-renegade-1-8-4x2-sport-2021/
usados,https://www.carone.com.ar/producto/volkswagen-amarok-2-0-tdi-4x4-dc-hig-180hp-pack-aut-2013/
usados,https://www.carone.com.ar/producto/renault-oroch-iconic-1-3-tce-163-2wd-cvt-2022/
usados,https://www.carone.com.ar/producto/chevrolet-tracker-1-2-turbo-at-2020/
usados,https://www.carone.com.ar/producto/renault-oroch-emotion-1-6-sce-114-2wd-2023/
usados,https://www.carone.com.ar/producto/ford-eco-sport-1-5-titanium-2023/
usados,https://www.carone.com.ar/producto/renault-kangoo-1-5-dci-stepway-2023/
usados,https://www.carone.com.ar/producto/renault-oroch-iconic-1-3-tce-163-2wd-cvt-2022-2/
usados,https://www.carone.com.ar/producto/volkswagen-amarok-2-0-td-dc-trendline-140hp-4x2-2020/
usados,https://www.carone.com.ar/producto/fiat-strada-1-3-fire-fly-volcano-cd-2021/
usados,https://www.carone.com.ar/producto/volkswagen-golf-1-4-tsi-comfortline-dsg-2018/
usados,https://www.carone.com.ar/producto/volkswagen-nivus-200-tsi-comfortline-at-2021/
usados,https://www.carone.com.ar/producto/renault-kangoo-1-6-sce-stepway-2023/
usados,https://www.carone.com.ar/producto/volkswagen-nivus-200-tsi-comfortline-at-2021-2/
usados,https://www.carone.com.ar/producto/chrysler-jeep-renegade-1-8-sport-4x2-at-2020/
usados,https://www.carone.com.ar/producto/volkswagen-nivus-200-tsi-higline-at-hero-2021/
usados,https://www.carone.com.ar/producto/ford-ranger-xl-22-tdi-dc-4x2-2021-2/
usados,https://www.carone.com.ar/producto/chrysler-jeep-compass-2-4-sport-4x2-mt6-2020/
usados,https://www.carone.com.ar/producto/toyota-corolla-2-0-seg-cvt-2021/
usados,https://www.carone.com.ar/producto/toyota-hilux-2-4-tdi-4x2-d-cab-dx-2019/
usados,https://www.carone.com.ar/producto/volkswagen-t-cross-1-6-highline-at-6-2020/
usados,https://www.carone.com.ar/producto/toyota-corolla-2-0-xli-cvt-2022-3/
usados,https://www.carone.com.ar/producto/renault-oroch-outsider-1-3-tce-163-4wd-2022/
usados,https://www.carone.com.ar/producto/nissan-sentra-advance-2021/
usados,https://www.carone.com.ar/producto/volkswagen-amarok-2-0-tdi-4x2-dc-comf-2019/
usados,https://www.carone.com.ar/producto/volkswagen-amarok-3-0-td-4x4-dc-v6-at-comforl-2019/
usados,https://www.carone.com.ar/producto/volkswagen-amarok-cab-dob-2-0-tdi-highline-4x4-2020/
usados,https://www.carone.com.ar/producto/volkswagen-amarok-3-0-td-4x4-dc-black-style-v6-258cv-2021/
usados,https://www.carone.com.ar/producto/chevrolet-2020/
usados,https://www.carone.com.ar/producto/ford-territory-1-5-titanium-2022/
usados,https://www.carone.com.ar/producto/audi-q5-3-0-tfsi-quattro-2017/
usados,https://www.carone.com.ar/producto/chrysler-jeep-compass-2-4-sport-autom-2019/
usados,https://www.carone.com.ar/producto/peugeot-3008-allure-tiptronic-2018/
usados,https://www.carone.com.ar/producto/chrysler-jeep-renegade-1-3t-trailhawk-at-4x4-2023/
usados,https://www.carone.com.ar/producto/toyota-corolla-cross-2-0-xei-cvt-2022/
usados,https://www.carone.com.ar/producto/chrysler-jeep-renegade-1-3t-serie-s-at-2023/
usados,https://www.carone.com.ar/producto/volkswagen-vento-1-4tsi-highline-dsg-2020/
